id,edition,headline,metric,value,numerator,denominator,percent,unit,statement,methodology,computed_from,canonical_url
public-api-coverage,2026-Q3,true,Public domain-management API,6 of 7,6,7,85.7,registrars,6 of the 7 registrars tracked by Open Domain Data expose a public domain-management API.,Count where api_available = true in registrar_api_capabilities.,registrar_api_capabilities@2026.06:api_available,https://opendomaindata.org/landscape/2026-q3/public-api-coverage
oauth-support,2026-Q3,true,OAuth 2.0 API authentication,0 of 7,0,7,0,registrars,0 of the 7 registrars tracked by Open Domain Data authenticate their API with OAuth 2.0 (the rest use a static API key).,Count where oauth_support = true in registrar_api_capabilities.,registrar_api_capabilities@2026.06:oauth_support,https://opendomaindata.org/landscape/2026-q3/oauth-support
scoped-api-tokens,2026-Q3,true,Scoped API tokens,1 of 7,1,7,14.3,registrars,1 of the 7 registrars tracked by Open Domain Data support scoped API tokens (a delegated agent can be granted less than full account access).,Count where scoped_tokens = true in registrar_api_capabilities.,registrar_api_capabilities@2026.06:scoped_tokens,https://opendomaindata.org/landscape/2026-q3/scoped-api-tokens
openapi-spec,2026-Q3,true,Machine-readable OpenAPI spec,1 of 7,1,7,14.3,registrars,1 of the 7 registrars tracked by Open Domain Data publish a machine-readable OpenAPI specification for their API.,Count where openapi_spec is a non-empty URL in registrar_api_capabilities.,registrar_api_capabilities@2026.06:openapi_spec,https://opendomaindata.org/landscape/2026-q3/openapi-spec
mcp-interface,2026-Q3,true,Native agent (MCP) interface,1 of 7,1,7,14.3,registrars,1 of the 7 registrars tracked by Open Domain Data expose a native agent interface over the Model Context Protocol (MCP).,Count where mcp_interface = true in agent_capability_signals.,agent_capability_signals@2026.05:mcp_interface,https://opendomaindata.org/landscape/2026-q3/mcp-interface
sandbox-environment,2026-Q3,false,API sandbox / test environment,3 of 7,3,7,42.9,registrars,3 of the 7 registrars tracked by Open Domain Data publish an API sandbox or test environment.,Count where sandbox = true in agent_capability_signals.,agent_capability_signals@2026.05:sandbox,https://opendomaindata.org/landscape/2026-q3/sandbox-environment
account-audit-logs,2026-Q3,false,Account audit logs,1 of 7,1,7,14.3,registrars,1 of the 7 registrars tracked by Open Domain Data expose account-level audit logs (so automated actions leave a reviewable trail).,Count where audit_logs = true in agent_capability_signals.,agent_capability_signals@2026.05:audit_logs,https://opendomaindata.org/landscape/2026-q3/account-audit-logs
human-approval-flow,2026-Q3,false,Built-in human-approval flow,0 of 7,0,7,0,registrars,0 of the 7 registrars tracked by Open Domain Data offer a built-in human-approval or spend-limit flow for API-initiated actions.,Count where human_approval_flow = true in agent_capability_signals.,agent_capability_signals@2026.05:human_approval_flow,https://opendomaindata.org/landscape/2026-q3/human-approval-flow
dns-api-management,2026-Q3,false,DNS records editable via API,6 of 7,6,7,85.7,registrars,6 of the 7 registrars tracked by Open Domain Data let you manage DNS records programmatically via API.,Count where api_record_management = true in dns_capabilities.,dns_capabilities@2026.06:api_record_management,https://opendomaindata.org/landscape/2026-q3/dns-api-management
dnssec-support,2026-Q3,false,DNSSEC support,7 of 7,7,7,100,registrars,"7 of the 7 registrars tracked by Open Domain Data support DNSSEC (6 fully, 1 partially).",Count where dnssec is 'supported' (full) or 'partial' in dns_capabilities.,dns_capabilities@2026.06:dnssec,https://opendomaindata.org/landscape/2026-q3/dnssec-support
rdap-conformance,2026-Q3,false,IANA-bootstrapped RDAP endpoint,7 of 7,7,7,100,registrars,"7 of the 7 registrars tracked by Open Domain Data expose an IANA-bootstrapped, RFC 7483-conformant RDAP endpoint.",Count where iana_bootstrapped = true and conformance includes rfc7483 in rdap_metadata.,rdap_metadata@2026.06:iana_bootstrapped,https://opendomaindata.org/landscape/2026-q3/rdap-conformance
security-txt,2026-Q3,false,RFC 9116 security.txt,3 of 7,3,7,42.9,registrars,3 of the 7 registrars tracked by Open Domain Data publish an RFC 9116 security.txt (2 do not; 2 could not be determined).,Count where security_txt = 'present' in registrar_security_contacts.,registrar_security_contacts@2026.06:security_txt,https://opendomaindata.org/landscape/2026-q3/security-txt
min-dns-ttl-median,2026-Q3,false,Minimum DNS TTL (median),300 s (median),300,,,seconds,The median minimum DNS TTL across the 7 registrars tracked by Open Domain Data is 300 seconds (range 60–600).,Median of ttl_min_seconds across the tracked registrar set in dns_capabilities.,dns_capabilities@2026.06:ttl_min_seconds,https://opendomaindata.org/landscape/2026-q3/min-dns-ttl-median
